0,0,-116,-49,-190,-140,-148,-221,-70,-280,-176,-367,-258,-509,-299,-591,-335,-668,-92,-387,-132,-573,-161,-677,-190,-771,-15,-363,-12,-530,-32,-635,-46,-740,55,-287,-6,-395,-42,-328,-50,-249,0
0,0,-123,-65,-193,-159,-153,-251,-74,-296,-162,-379,-240,-524,-281,-607,-315,-687,-77,-396,-95,-584,-111,-690,-127,-781,-3,-370,9,-543,-1,-647,-13,-753,60,-283,6,-420,-34,-372,-55,-291,0
0,0,-115,-80,-173,-178,-131,-267,-59,-317,-128,-398,-178,-550,-201,-636,-223,-717,-36,-403,-16,-586,-2,-684,7,-772,37,-364,78,-531,93,-633,100,-735,93,-274,58,-425,11,-396,-27,-327,0
0,0,-111,-98,-161,-191,-115,-282,-39,-321,-86,-409,-110,-573,-113,-660,-118,-743,5,-405,54,-590,93,-689,123,-777,72,-356,133,-518,172,-622,201,-729,111,-254,97,-413,40,-391,-5,-326,0
0,0,-110,-110,-154,-204,-96,-292,-14,-316,-49,-429,-41,-600,-23,-688,-9,-770,39,-411,115,-591,174,-689,220,-775,100,-349,175,-503,235,-606,286,-715,125,-233,126,-389,67,-369,19,-309,0
0,0,-110,-124,-151,-219,-91,-298,-11,-293,-24,-435,5,-605,33,-695,58,-776,54,-409,148,-582,219,-686,275,-769,115,-338,202,-489,270,-591,323,-696,123,-218,138,-364,68,-347,13,-290,0
0,0,-110,-116,-150,-214,-101,-286,-25,-282,-12,-440,23,-602,56,-695,84,-774,66,-409,169,-574,243,-675,301,-758,122,-333,213,-475,283,-576,342,-673,127,-218,127,-347,54,-322,4,-271,0
0,0,-125,-132,-167,-217,-127,-294,-53,-282,-10,-450,37,-620,74,-714,106,-792,57,-416,173,-580,260,-686,323,-766,117,-331,214,-468,290,-571,349,-673,103,-206,121,-342,36,-333,-19,-284,0
0,0,-122,-110,-173,-197,-134,-267,-57,-267,-49,-434,-30,-603,-10,-705,8,-791,32,-408,128,-586,198,-696,251,-787,99,-336,184,-478,248,-589,304,-694,107,-224,101,-341,22,-320,-28,-268,0
0,0,-131,-84,-201,-179,-168,-254,-83,-272,-112,-425,-141,-593,-151,-694,-155,-784,-18,-413,41,-606,86,-723,120,-824,55,-352,117,-510,160,-625,200,-734,83,-242,56,-365,-10,-324,-48,-259,0
0,0,-109,-58,-198,-161,-184,-235,-107,-269,-155,-413,-219,-559,-255,-651,-282,-737,-58,-419,-44,-606,-35,-720,-27,-822,21,-372,61,-533,83,-645,108,-749,76,-283,14,-370,-44,-306,-74,-236,0
0,0,-123,-48,-216,-135,-208,-218,-133,-262,-200,-394,-285,-531,-332,-614,-373,-689,-113,-409,-124,-601,-138,-718,-155,-815,-32,-373,-12,-543,-9,-659,-2,-767,32,-285,-35,-393,-85,-321,-100,-237,0
0,0,-146,-35,-245,-106,-232,-189,-154,-235,-257,-362,-373,-487,-441,-564,-499,-635,-177,-389,-229,-579,-263,-696,-293,-791,-88,-363,-95,-529,-117,-648,-133,-762,-14,-273,-87,-381,-132,-312,-138,-230,0
0,0,-135,-16,-251,-84,-233,-159,-138,-204,-290,-320,-420,-428,-498,-495,-567,-559,-210,-365,-297,-545,-353,-655,-397,-752,-117,-355,-146,-518,-182,-634,-205,-750,-27,-292,-114,-353,-138,-265,-123,-181,0
0,0,-116,-4,-239,-56,-223,-130,-135,-207,-317,-309,-455,-405,-540,-463,-618,-524,-243,-368,-360,-530,-431,-630,-492,-720,-149,-370,-184,-523,-222,-642,-255,-756,-49,-326,-118,-344,-126,-251,-110,-170,0
0,0,-123,-22,-227,-94,-180,-172,-86,-241,-290,-332,-428,-454,-504,-525,-577,-598,-204,-387,-312,-571,-379,-676,-440,-773,-108,-384,-132,-548,-167,-666,-203,-785,-8,-329,-69,-387,-80,-303,-68,-222,0
0,0,-115,-34,-205,-133,-147,-215,-51,-273,-252,-390,-351,-536,-405,-628,-459,-713,-155,-433,-217,-633,-254,-753,-291,-858,-62,-417,-52,-593,-48,-717,-54,-839,34,-352,-10,-424,-22,-337,-27,-249,0
0,0,-119,-57,-194,-164,-127,-258,-26,-319,-200,-442,-273,-608,-311,-707,-349,-801,-92,-465,-126,-675,-144,-797,-162,-907,2,-433,34,-619,48,-739,55,-861,91,-347,56,-459,27,-385,9,-300,0
0,0,-106,-88,-164,-212,-79,-301,37,-347,-109,-484,-146,-671,-160,-777,-180,-878,3,-489,12,-703,19,-822,21,-929,90,-441,157,-617,194,-733,217,-850,162,-335,155,-471,116,-413,79,-330,0
0,0,-96,-112,-126,-249,-24,-330,102,-353,-20,-506,-12,-705,-2,-815,6,-922,94,-490,150,-703,187,-824,218,-936,173,-426,279,-594,345,-707,398,-822,227,-306,242,-446,182,-400,121,-324,0
0,0,-98,-108,-124,-260,-18,-346,110,-366,-9,-508,12,-699,36,-812,57,-917,110,-487,188,-696,241,-817,284,-928,192,-417,305,-589,380,-704,447,-818,241,-298,243,-437,172,-384,111,-311,0
0,0,-113,-103,-155,-271,-60,-375,63,-405,-46,-500,-35,-684,-17,-793,-1,-898,71,-490,138,-691,184,-813,219,-930,156,-432,258,-606,323,-723,380,-839,212,-330,199,-463,126,-407,68,-333,0
0,0,-125,-85,-202,-244,-147,-377,-37,-437,-144,-484,-166,-670,-169,-779,-172,-885,-28,-492,-6,-705,16,-826,26,-936,65,-453,124,-649,155,-777,177,-897,141,-372,106,-516,49,-470,4,-402,0
0,0,-143,-70,-243,-209,-222,-356,-127,-446,-226,-453,-291,-637,-319,-746,-341,-847,-119,-481,-146,-699,-157,-821,-172,-926,-23,-460,-6,-674,-12,-803,-17,-919,65,-394,2,-545,-45,-487,-68,-400,0
0,0,-150,-43,-265,-174,-248,-322,-157,-424,-289,-402,-390,-572,-444,-674,-486,-768,-190,-449,-259,-661,-293,-778,-324,-877,-92,-447,-110,-668,-136,-791,-152,-899,8,-402,-72,-542,-114,-477,-123,-386,0
0,0,-163,-36,-286,-160,-276,-313,-184,-415,-331,-381,-448,-550,-505,-646,-553,-736,-237,-438,-327,-646,-372,-762,-411,-859,-142,-446,-181,-656,-214,-779,-241,-894,-39,-400,-131,-546,-161,-486,-158,-392,0
0,0,-162,-47,-276,-175,-263,-330,-166,-421,-327,-395,-441,-557,-498,-653,-548,-741,-233,-453,-313,-656,-359,-772,-402,-869,-136,-457,-170,-664,-204,-782,-240,-892,-29,-403,-124,-543,-155,-482,-156,-384,0
0,0,-166,-66,-269,-187,-236,-335,-135,-417,-294,-433,-401,-613,-450,-714,-491,-807,-192,-480,-242,-702,-274,-819,-304,-919,-97,-470,-106,-684,-126,-808,-154,-929,8,-392,-68,-552,-104,-510,-116,-413,0
0,0,-154,-66,-255,-191,-213,-329,-118,-418,-270,-444,-357,-626,-396,-729,-429,-826,-162,-483,-186,-716,-194,-837,-210,-942,-72,-467,-62,-686,-70,-814,-90,-938,21,-386,-50,-551,-81,-501,-98,-405,0
0,0,-139,-48,-242,-172,-188,-285,-81,-353,-235,-436,-290,-611,-313,-720,-335,-821,-124,-472,-122,-693,-114,-820,-119,-931,-31,-450,2,-652,12,-778,11,-896,52,-377,11,-494,-15,-425,-33,-341,0
0,0,-127,-46,-214,-163,-153,-258,-46,-303,-201,-416,-238,-575,-254,-681,-274,-778,-95,-446,-87,-655,-76,-785,-75,-899,-7,-418,37,-599,55,-718,63,-828,69,-347,41,-418,8,-343,-17,-269,0
0,0,-119,-57,-202,-143,-169,-202,-83,-234,-156,-396,-171,-540,-182,-637,-192,-727,-57,-405,-17,-598,12,-719,35,-826,22,-360,80,-515,117,-627,153,-730,79,-278,30,-325,-20,-255,-50,-190,0
0,0,-123,-82,-190,-172,-164,-235,-88,-234,-105,-404,-102,-556,-99,-658,-101,-742,-20,-385,48,-568,95,-683,126,-782,47,-324,103,-473,146,-585,180,-694,78,-225,30,-320,-37,-275,-79,-221,0
0,0,-137,-118,-198,-204,-182,-287,-113,-281,-76,-427,-63,-592,-51,-685,-46,-762,-8,-403,77,-582,142,-696,185,-782,60,-335,120,-489,166,-597,195,-704,56,-218,43,-366,-35,-346,-78,-287,0
0,0,-135,-148,-187,-244,-157,-332,-86,-298,-36,-437,3,-603,26,-694,40,-769,26,-407,130,-580,205,-690,260,-768,91,-333,162,-482,217,-595,254,-710,75,-212,73,-363,-8,-358,-49,-307,0
0,0,-126,-153,-169,-255,-134,-338,-64,-298,-7,-438,37,-603,64,-697,85,-773,53,-405,163,-569,245,-677,306,-754,114,-326,191,-467,251,-577,298,-691,89,-206,94,-355,13,-350,-27,-299,0
0,0,-120,-153,-158,-252,-122,-332,-49,-297,16,-431,59,-596,87,-690,111,-767,72,-397,185,-555,269,-657,333,-736,128,-315,208,-451,274,-557,325,-667,98,-196,113,-338,32,-335,-10,-287,0
0,0,-118,-132,-154,-225,-126,-307,-56,-299,0,-413,27,-579,43,-671,57,-753,66,-387,159,-554,224,-661,269,-749,124,-314,207,-455,267,-559,313,-666,105,-205,115,-349,39,-343,-8,-293,0
0,0,-118,-127,-160,-214,-144,-304,-74,-310,-25,-408,-27,-574,-28,-664,-22,-744,42,-390,106,-564,151,-676,183,-768,105,-327,180,-470,231,-577,271,-683,95,-221,106,-370,33,-366,-15,-313,0
0,0,-116,-107,-165,-197,-137,-287,-59,-304,-57,-392,-82,-557,-91,-644,-91,-724,15,-384,44,-559,66,-670,83,-763,79,-331,146,-471,189,-578,221,-684,90,-227,94,-371,33,-359,-16,-302,0
0,0,-114,-93,-171,-186,-143,-281,-65,-312,-90,-380,-135,-543,-155,-626,-166,-705,-11,-379,4,-559,12,-667,18,-763,54,-335,113,-484,145,-589,168,-692,80,-240,74,-385,19,-366,-26,-302,0
0,0,-116,-82,-179,-176,-156,-276,-80,-319,-122,-374,-179,-525,-209,-601,-230,-677,-41,-381,-51,-555,-55,-659,-62,-751,26,-344,70,-492,92,-600,105,-703,67,-256,47,-399,-2,-373,-42,-305,0
0,0,-113,-70,-184,-166,-162,-269,-88,-313,-142,-361,-207,-509,-241,-582,-267,-657,-63,-375,-84,-550,-98,-653,-110,-745,5,-346,40,-501,53,-605,61,-705,53,-262,26,-403,-18,-371,-47,-298,0
0,0,-112,-57,-189,-151,-172,-250,-102,-304,-172,-347,-252,-483,-292,-553,-325,-625,-92,-369,-135,-537,-160,-633,-184,-719,-21,-347,-3,-498,-1,-602,-3,-700,40,-274,-2,-403,-40,-363,-66,-287,0
0,0,-123,-41,-205,-123,-195,-223,-133,-289,-209,-321,-310,-445,-368,-510,-414,-574,-139,-352,-205,-515,-250,-604,-290,-678,-69,-340,-72,-494,-89,-594,-111,-691,0,-272,-56,-398,-88,-355,-104,-275,0
0,0,-117,-29,-212,-112,-202,-212,-143,-279,-242,-307,-354,-417,-418,-478,-474,-540,-172,-347,-256,-499,-310,-585,-357,-659,-99,-343,-116,-495,-141,-590,-167,-682,-19,-291,-88,-392,-112,-334,-116,-255,0
0,0,-111,-12,-211,-95,-206,-193,-158,-271,-264,-287,-382,-384,-453,-441,-515,-498,-201,-331,-295,-474,-355,-558,-406,-629,-127,-335,-154,-486,-182,-582,-207,-669,-45,-300,-118,-376,-137,-298,-134,-217,0
0,0,-106,-10,-209,-88,-210,-183,-165,-261,-266,-273,-384,-364,-457,-419,-522,-472,-207,-318,-303,-464,-365,-546,-418,-612,-134,-324,-164,-480,-197,-574,-226,-658,-52,-291,-124,-366,-137,-289,-131,-209,0
0,0,-109,-7,-210,-77,-208,-174,-157,-253,-271,-266,-392,-362,-466,-418,-530,-472,-210,-313,-312,-457,-378,-541,-433,-611,-139,-320,-174,-468,-209,-561,-244,-648,-54,-285,-133,-358,-143,-285,-134,-205,0
0,0,-106,-7,-216,-87,-210,-180,-152,-255,-273,-278,-391,-373,-462,-430,-527,-484,-210,-325,-308,-464,-369,-545,-422,-613,-135,-332,-170,-478,-206,-569,-239,-656,-51,-300,-125,-358,-134,-279,-124,-203,0
0,0,-112,-20,-215,-105,-205,-199,-144,-270,-256,-304,-365,-408,-426,-474,-482,-536,-187,-347,-273,-495,-328,-581,-378,-654,-111,-346,-139,-495,-174,-585,-208,-669,-30,-300,-107,-382,-126,-318,-124,-245,0
0,0,-116,-35,-193,-117,-168,-206,-113,-274,-223,-332,-308,-461,-358,-536,-404,-602,-144,-362,-186,-539,-220,-638,-253,-720,-71,-347,-73,-505,-92,-602,-118,-697,4,-278,-60,-383,-87,-331,-97,-256,0
0,0,-105,-51,-182,-145,-148,-225,-75,-272,-178,-362,-240,-497,-274,-584,-308,-662,-91,-380,-96,-559,-93,-666,-96,-756,-18,-350,1,-508,4,-608,1,-702,44,-277,10,-374,-17,-328,-32,-269,0
0,0,-100,-59,-171,-159,-134,-222,-53,-262,-133,-381,-164,-519,-181,-613,-199,-697,-41,-385,-11,-560,9,-669,23,-762,32,-340,72,-491,93,-591,114,-684,84,-262,37,-323,-6,-260,-30,-201,0
0,0,-109,-80,-170,-170,-131,-247,-45,-267,-85,-397,-102,-552,-103,-647,-108,-729,3,-386,53,-569,93,-680,120,-775,68,-330,121,-477,156,-584,183,-689,102,-229,80,-346,28,-311,-8,-253,0
0,0,-115,-104,-165,-196,-129,-277,-43,-286,-36,-417,-23,-575,-8,-673,3,-756,42,-394,126,-569,187,-678,233,-768,101,-328,175,-467,223,-575,260,-680,110,-218,108,-342,39,-318,-14,-265,0
0,0,-99,-126,-132,-234,-86,-311,-3,-299,42,-431,92,-582,131,-671,157,-747,113,-391,230,-550,309,-648,367,-729,160,-311,254,-442,315,-547,368,-649,151,-200,152,-328,70,-320,12,-280,0
0,0,-98,-147,-125,-256,-77,-333,-1,-301,67,-430,126,-584,169,-669,206,-741,129,-391,257,-539,346,-632,413,-711,174,-308,277,-436,346,-531,403,-632,142,-197,171,-338,91,-337,36,-293,0
0,0,-97,-163,-121,-267,-76,-352,-1,-324,82,-430,154,-584,200,-668,243,-737,138,-390,279,-532,373,-620,444,-694,183,-307,300,-433,372,-526,429,-626,141,-200,191,-347,110,-360,47,-319,0
0,0,-91,-168,-113,-274,-64,-358,10,-333,91,-431,165,-586,215,-669,259,-737,149,-390,296,-531,393,-617,466,-690,193,-304,314,-430,389,-525,448,-626,151,-197,202,-344,120,-363,53,-327,0
0,0,-94,-171,-115,-274,-66,-361,13,-340,86,-431,163,-587,212,-672,256,-741,145,-390,292,-529,388,-616,460,-688,190,-306,311,-429,390,-523,451,-624,148,-201,198,-346,114,-364,44,-328,0
0,0,-92,-163,-115,-268,-60,-348,21,-331,85,-427,162,-582,212,-668,255,-739,147,-386,297,-524,394,-610,467,-683,192,-304,315,-425,398,-514,464,-613,155,-198,204,-340,123,-354,54,-318,0
0,0,-95,-150,-116,-255,-54,-333,29,-326,71,-426,134,-581,176,-663,215,-736,139,-387,280,-528,368,-610,435,-683,185,-309,306,-434,383,-522,445,-621,156,-203,203,-347,126,-351,57,-310,0
0,0,-101,-141,-123,-249,-53,-326,32,-323,46,-418,86,-578,113,-664,144,-740,122,-386,234,-541,305,-634,362,-716,174,-315,287,-447,355,-540,415,-637,161,-211,198,-359,128,-357,70,-308,0
0,0,-101,-126,-125,-237,-54,-321,36,-326,16,-406,44,-569,68,-651,96,-728,93,-382,175,-547,225,-649,262,-738,150,-323,249,-457,307,-556,356,-660,153,-223,178,-372,118,-363,64,-308,0
0,0,-102,-115,-130,-227,-70,-330,25,-343,-12,-401,-5,-562,5,-644,24,-722,65,-384,125,-552,161,-653,188,-740,124,-331,216,-467,266,-565,307,-664,138,-235,159,-385,103,-375,51,-318,0
0,0,-98,-105,-131,-211,-82,-319,11,-340,-28,-378,-28,-536,-25,-616,-13,-694,50,-368,93,-534,120,-632,140,-717,111,-322,192,-456,235,-553,266,-647,133,-234,150,-384,96,-380,43,-328,0
0,0,-97,-107,-123,-214,-79,-322,7,-340,-30,-370,-31,-521,-28,-597,-17,-671,45,-361,84,-520,111,-613,131,-698,104,-316,176,-445,218,-540,248,-630,127,-232,137,-374,83,-378,30,-334,0
0,0,-83,-99,-105,-216,-71,-325,11,-349,-14,-349,-18,-488,-19,-562,-16,-634,59,-339,105,-486,132,-565,150,-641,111,-297,187,-424,231,-516,263,-594,138,-228,140,-359,86,-367,31,-333,0
0,0,-79,-107,-90,-217,-47,-320,29,-347,5,-330,5,-467,11,-537,22,-602,75,-318,138,-457,175,-529,201,-593,122,-275,201,-393,250,-479,288,-554,141,-204,150,-340,94,-356,37,-326,0
0,0,-74,-117,-76,-227,-34,-329,41,-348,22,-324,30,-454,38,-521,51,-581,89,-307,161,-436,201,-504,231,-566,133,-266,216,-379,265,-462,306,-533,148,-201,162,-340,107,-359,51,-329,0
0,0,-72,-104,-67,-216,-25,-309,51,-338,23,-304,37,-424,48,-494,66,-549,90,-287,172,-409,217,-472,254,-527,135,-251,224,-366,276,-446,316,-507,156,-200,166,-318,112,-333,59,-314,0
0,0,-74,-121,-66,-218,-21,-313,56,-336,25,-292,40,-413,53,-479,72,-532,89,-280,174,-397,221,-457,255,-513,132,-245,220,-354,269,-432,308,-499,146,-191,171,-314,120,-340,66,-324,0
0,0,-67,-135,-53,-228,-12,-322,59,-338,46,-289,65,-403,80,-466,100,-517,106,-274,199,-381,252,-436,290,-489,145,-240,232,-344,276,-419,308,-480,153,-191,179,-315,129,-342,77,-322,0
0,0,-57,-140,-41,-232,0,-326,71,-340,71,-287,102,-398,125,-462,152,-513,129,-267,243,-363,306,-423,355,-477,165,-229,257,-338,278,-404,293,-447,170,-185,202,-315,148,-344,96,-324,0
0,0,-64,-150,-47,-238,-2,-330,78,-349,66,-290,98,-398,121,-463,149,-513,123,-271,230,-368,289,-424,334,-474,161,-233,264,-335,315,-411,351,-466,165,-189,198,-314,146,-339,88,-315,0
0,0,-55,-152,-36,-240,10,-331,91,-350,83,-295,118,-397,143,-462,172,-510,139,-271,252,-366,316,-419,367,-470,174,-232,279,-336,334,-412,371,-468,179,-187,210,-314,157,-337,99,-314,0
0,0,-58,-138,-35,-238,12,-326,95,-354,77,-296,115,-393,138,-465,166,-511,136,-268,251,-366,311,-423,357,-474,173,-232,281,-344,334,-422,367,-473,186,-195,205,-316,151,-332,90,-309,0
0,0,-60,-149,-40,-242,7,-331,88,-352,76,-300,112,-402,135,-471,162,-518,133,-273,247,-370,306,-427,353,-480,168,-235,276,-342,333,-421,370,-478,175,-193,196,-320,139,-339,77,-315,0
0,0,-62,-154,-42,-243,6,-333,85,-349,78,-305,114,-409,140,-477,170,-524,133,-279,247,-377,308,-431,356,-484,169,-240,278,-341,338,-418,376,-477,173,-193,200,-319,144,-341,82,-319,0
0,0,-54,-136,-29,-237,22,-326,103,-352,88,-298,126,-399,152,-471,183,-520,147,-271,267,-370,331,-428,378,-476,184,-232,296,-346,347,-425,379,-478,196,-189,220,-316,160,-332,97,-306,0
0,0,-56,-152,-35,-242,14,-334,94,-347,90,-299,135,-419,168,-482,205,-533,149,-275,274,-372,347,-427,399,-478,183,-228,294,-333,340,-407,374,-464,176,-175,222,-306,168,-340,112,-324,0
0,0,-52,-133,-18,-235,37,-322,116,-341,125,-299,181,-401,220,-471,259,-520,184,-266,318,-355,397,-409,457,-456,216,-218,338,-323,401,-399,448,-455,216,-166,238,-289,171,-318,104,-308,0
0,0,-54,-145,-26,-244,26,-334,105,-350,120,-311,182,-417,226,-488,271,-533,180,-272,321,-363,403,-417,466,-467,212,-220,346,-326,418,-404,468,-463,212,-166,242,-300,175,-334,103,-327,0
0,0,-47,-150,-19,-251,38,-343,118,-355,137,-318,207,-431,258,-498,306,-544,190,-282,336,-373,423,-423,490,-468,219,-227,352,-333,427,-407,487,-468,210,-168,250,-308,179,-343,106,-332,0
0,0,-48,-147,-17,-252,41,-338,110,-354,146,-320,225,-433,280,-497,331,-543,201,-278,358,-366,449,-416,521,-459,227,-219,364,-327,433,-405,491,-465,214,-160,258,-305,186,-346,114,-339,0
0,0,-46,-145,-12,-253,50,-341,129,-349,158,-316,246,-432,303,-495,357,-541,213,-271,381,-354,479,-407,559,-452,236,-212,362,-327,392,-398,418,-442,225,-157,266,-301,195,-348,123,-348,0
0,0,-45,-148,-11,-254,47,-340,127,-351,166,-322,256,-434,315,-499,370,-546,218,-272,387,-357,481,-409,559,-454,238,-211,388,-317,457,-393,516,-446,221,-155,268,-297,195,-337,121,-328,0
0,0,-44,-143,-10,-254,47,-339,129,-343,167,-325,261,-438,319,-499,375,-546,220,-274,391,-360,484,-411,563,-458,237,-211,387,-314,453,-390,509,-443,219,-154,273,-293,202,-335,129,-333,0
0,0,-44,-145,-13,-257,40,-339,119,-343,168,-334,260,-444,318,-508,375,-557,221,-281,389,-369,483,-421,560,-468,238,-218,394,-314,478,-387,548,-444,221,-158,273,-293,198,-329,119,-327,0
0,0,-45,-153,-16,-268,43,-353,128,-349,165,-344,257,-457,314,-521,370,-572,216,-293,378,-388,473,-445,549,-494,236,-230,389,-326,477,-397,550,-456,218,-169,274,-303,196,-333,114,-324,0
0,0,-48,-145,-28,-260,30,-346,115,-345,150,-349,229,-467,283,-533,337,-584,204,-301,357,-400,448,-458,521,-507,228,-239,375,-336,459,-407,528,-466,216,-173,264,-299,188,-330,107,-326,0
0,0,-55,-135,-36,-255,16,-342,101,-351,135,-355,202,-477,250,-550,301,-604,195,-308,341,-415,424,-478,494,-532,221,-248,364,-357,443,-432,510,-493,217,-183,253,-313,173,-335,92,-326,0
0,0,-62,-130,-50,-254,1,-346,91,-354,114,-364,176,-489,219,-565,267,-627,177,-320,312,-436,393,-508,461,-574,207,-261,340,-375,415,-457,481,-527,205,-194,237,-327,158,-341,80,-325,0
0,0,-70,-132,-71,-251,-25,-348,64,-358,86,-372,140,-507,178,-585,219,-649,151,-334,277,-463,351,-544,411,-617,185,-275,310,-398,379,-489,437,-570,182,-205,214,-342,140,-357,64,-338,0
0,0,-74,-134,-85,-246,-47,-347,40,-357,67,-378,113,-520,145,-597,181,-663,132,-341,251,-477,320,-560,375,-635,170,-280,288,-409,348,-503,398,-586,164,-208,198,-351,124,-370,50,-350,0
0,0,-80,-133,-100,-238,-65,-340,16,-348,48,-390,87,-535,116,-611,147,-678,115,-359,216,-504,282,-596,333,-678,159,-296,266,-424,320,-526,362,-619,147,-214,188,-357,117,-374,47,-349,0
0,0,-93,-126,-118,-233,-82,-336,6,-353,16,-395,44,-545,69,-626,100,-697,87,-369,176,-522,235,-617,281,-703,137,-310,231,-447,280,-549,320,-648,132,-226,162,-373,93,-379,29,-341,0
0,0,-106,-123,-139,-227,-114,-335,-28,-355,-19,-400,-8,-555,4,-639,28,-714,55,-381,122,-545,169,-645,207,-735,112,-326,190,-469,230,-575,262,-677,113,-239,135,-392,68,-392,11,-344,0
0,0,-107,-105,-153,-208,-126,-316,-41,-342,-51,-397,-49,-553,-39,-633,-25,-710,28,-385,82,-552,122,-649,150,-739,89,-336,155,-478,191,-582,217,-686,106,-249,117,-399,60,-391,10,-341,0
0,0,-98,-65,-179,-189,-157,-286,-76,-331,-127,-403,-175,-565,-206,-658,-225,-740,-28,-410,-32,-598,-45,-708,-48,-806,62,-369,25,-442,-36,-319,-64,-227,131,-299,56,-295,-12,-212,-44,-150,1
0,0,-97,-64,-174,-185,-145,-284,-64,-334,-135,-404,-185,-565,-217,-657,-238,-741,-34,-411,-39,-598,-48,-708,-47,-804,58,-368,29,-451,-26,-331,-52,-240,131,-296,66,-302,1,-218,-30,-154,1
0,0,-98,-67,-171,-190,-135,-288,-52,-335,-132,-405,-185,-564,-217,-656,-241,-740,-30,-410,-36,-596,-45,-707,-49,-803,60,-366,36,-453,-13,-334,-36,-244,133,-292,80,-311,17,-224,-17,-155,1
0,0,-100,-66,-176,-195,-137,-289,-51,-332,-134,-402,-186,-562,-220,-654,-244,-736,-34,-409,-42,-596,-54,-707,-57,-801,57,-368,32,-451,-17,-334,-40,-245,129,-299,68,-306,4,-218,-27,-149,1
0,0,-100,-67,-177,-197,-137,-287,-52,-327,-130,-403,-183,-562,-216,-654,-239,-735,-30,-407,-37,-594,-50,-704,-55,-798,61,-365,35,-449,-16,-332,-39,-243,135,-296,67,-301,1,-214,-32,-148,1
0,0,-95,-66,-170,-199,-139,-287,-61,-328,-121,-403,-165,-561,-196,-653,-217,-735,-20,-405,-29,-589,-46,-700,-53,-792,71,-363,29,-446,-24,-325,-47,-232,143,-297,54,-296,-12,-209,-41,-144,1
0,0,-95,-63,-172,-192,-146,-285,-73,-332,-122,-399,-167,-556,-199,-649,-221,-731,-26,-401,-35,-589,-51,-700,-57,-793,64,-359,19,-443,-36,-324,-58,-231,135,-292,46,-302,-21,-217,-48,-153,1
0,0,-94,-61,-172,-192,-153,-284,-80,-330,-128,-400,-173,-558,-203,-651,-223,-732,-27,-404,-38,-589,-55,-699,-63,-791,64,-364,17,-446,-37,-327,-61,-235,136,-299,46,-297,-20,-212,-49,-149,1
0,0,-93,-63,-171,-193,-148,-284,-73,-328,-125,-398,-170,-556,-200,-649,-219,-730,-25,-401,-34,-587,-52,-698,-61,-790,67,-361,20,-442,-34,-325,-55,-234,138,-296,47,-296,-19,-211,-46,-148,1
0,0,-96,-63,-174,-195,-153,-285,-78,-328,-128,-399,-173,-557,-203,-650,-223,-732,-28,-402,-38,-588,-56,-698,-65,-790,64,-362,17,-445,-37,-325,-59,-233,135,-298,42,-300,-25,-215,-53,-151,1
0,0,-96,-67,-172,-203,-148,-292,-69,-331,-121,-399,-163,-558,-193,-650,-212,-730,-21,-402,-29,-587,-46,-697,-53,-787,68,-362,22,-449,-32,-328,-53,-234,137,-296,42,-298,-25,-214,-53,-149,1
0,0,-109,-82,-171,-207,-128,-300,-45,-344,-128,-400,-170,-561,-198,-652,-219,-734,-32,-403,-28,-588,-34,-695,-34,-786,52,-358,27,-447,-27,-335,-50,-249,119,-285,54,-313,-12,-235,-44,-169,1
0,0,-104,-78,-164,-200,-109,-297,-21,-347,-146,-395,-194,-546,-223,-633,-245,-711,-56,-403,-54,-585,-54,-687,-48,-778,30,-361,34,-444,-10,-333,-32,-253,101,-287,77,-316,24,-240,-2,-180,1
0,0,-108,-49,-166,-159,-90,-252,-3,-299,-185,-367,-242,-506,-276,-590,-305,-665,-89,-388,-111,-566,-118,-665,-122,-757,1,-354,20,-437,9,-331,-5,-261,78,-287,80,-319,52,-250,30,-202,1
0,0,-114,-37,-184,-140,-99,-231,-1,-281,-211,-345,-267,-469,-308,-551,-341,-624,-116,-373,-146,-542,-159,-650,-168,-754,-20,-346,15,-418,9,-311,-3,-239,63,-283,70,-313,49,-240,29,-191,1
0,0,-108,-27,-161,-116,-65,-202,28,-264,-194,-327,-247,-448,-285,-527,-317,-600,-100,-359,-129,-528,-138,-632,-148,-736,-8,-334,46,-392,37,-275,11,-205,76,-274,107,-283,83,-201,46,-155,1
0,0,-104,-27,-150,-115,-54,-198,38,-265,-179,-325,-223,-450,-255,-532,-281,-607,-83,-358,-106,-526,-113,-626,-120,-729,9,-332,60,-384,45,-269,18,-207,91,-274,124,-271,89,-191,42,-150,1
0,0,-99,-36,-139,-131,-47,-212,39,-277,-168,-342,-210,-475,-240,-563,-264,-642,-72,-368,-82,-538,-80,-640,-78,-744,17,-336,79,-396,55,-282,21,-218,95,-272,134,-273,94,-193,42,-152,1
0,0,-101,-46,-146,-148,-66,-217,14,-267,-156,-359,-196,-503,-225,-596,-249,-677,-57,-377,-49,-546,-38,-651,-25,-751,31,-343,86,-380,55,-274,21,-214,103,-279,134,-277,93,-204,47,-167,1
0,0,-102,-56,-172,-166,-100,-228,-8,-265,-143,-369,-180,-523,-206,-619,-223,-701,-38,-380,-24,-552,-16,-665,-1,-764,54,-343,56,-359,5,-250,-23,-180,126,-280,86,-231,25,-152,-11,-108,1
0,0,-110,-65,-193,-172,-164,-235,-80,-262,-136,-378,-175,-532,-201,-629,-216,-711,-33,-381,-26,-552,-25,-667,-16,-764,58,-337,15,-375,-46,-267,-75,-187,124,-266,41,-243,-33,-170,-71,-119,1
0,0,-116,-66,-209,-165,-217,-236,-142,-255,-137,-388,-161,-545,-183,-643,-193,-723,-34,-387,-33,-559,-33,-676,-26,-773,56,-340,-19,-376,-79,-274,-107,-193,112,-264,-4,-236,-89,-175,-138,-130,1
0,0,-124,-72,-217,-178,-236,-263,-168,-278,-139,-396,-164,-556,-185,-653,-193,-734,-35,-398,-49,-571,-52,-688,-50,-783,53,-355,-50,-394,-106,-290,-128,-207,104,-282,-29,-258,-117,-197,-169,-149,1
0,0,-134,-77,-232,-180,-258,-269,-194,-292,-146,-397,-171,-558,-188,-654,-195,-734,-44,-400,-59,-574,-62,-690,-60,-786,42,-358,-74,-402,-132,-303,-154,-222,88,-283,-43,-264,-127,-207,-175,-160,1
0,0,-142,-92,-231,-198,-267,-283,-221,-334,-117,-399,-148,-559,-162,-655,-167,-736,-27,-394,-51,-572,-61,-686,-67,-780,39,-348,-105,-417,-168,-321,-186,-242,60,-274,-90,-282,-179,-238,-233,-200,1
0,0,-135,-93,-209,-214,-242,-310,-195,-360,-94,-400,-120,-558,-127,-650,-127,-728,-4,-393,-27,-574,-37,-688,-40,-778,58,-350,-79,-445,-150,-348,-176,-268,76,-284,-74,-306,-156,-266,-200,-232,1
0,0,-120,-94,-190,-220,-210,-322,-150,-380,-101,-386,-126,-544,-139,-631,-140,-707,-16,-386,-34,-576,-46,-686,-46,-772,56,-353,-42,-465,-112,-367,-137,-277,96,-299,-39,-338,-116,-287,-150,-239,1
0,0,-110,-65,-193,-196,-195,-301,-136,-372,-155,-364,-203,-521,-231,-605,-250,-679,-70,-379,-94,-569,-119,-671,-133,-754,11,-356,-43,-479,-88,-365,-99,-272,80,-310,-16,-341,-75,-264,-96,-201,1
0,0,-109,-64,-182,-198,-148,-295,-79,-366,-173,-366,-227,-520,-262,-610,-286,-687,-83,-389,-115,-567,-145,-669,-162,-754,3,-367,-29,-477,-54,-367,-55,-283,80,-318,12,-327,-29,-235,-39,-167,1
0,0,-109,-60,-175,-195,-118,-286,-39,-338,-173,-385,-222,-534,-255,-622,-283,-699,-79,-405,-96,-581,-112,-681,-122,-771,10,-377,0,-454,-35,-328,-48,-245,85,-318,41,-301,-2,-208,-18,-154,1
0,0,-102,-59,-164,-183,-93,-271,-3,-317,-165,-394,-206,-544,-234,-635,-258,-714,-67,-408,-77,-586,-82,-696,-84,-792,25,-371,36,-423,6,-314,-12,-243,100,-304,83,-302,41,-219,17,-170,1
0,0,-103,-59,-177,-177,-108,-254,-1,-288,-147,-398,-176,-556,-192,-650,-205,-734,-45,-411,-43,-582,-40,-691,-32,-791,50,-373,37,-379,-11,-271,-31,-211,123,-304,70,-250,12,-174,-15,-142,1
0,0,-102,-70,-185,-189,-140,-259,-40,-277,-125,-406,-147,-569,-162,-665,-173,-748,-21,-406,-4,-584,8,-698,24,-795,71,-360,45,-382,-12,-274,-39,-195,138,-289,64,-246,-12,-169,-53,-117,1
0,0,-104,-79,-189,-188,-189,-253,-116,-268,-94,-402,-104,-567,-115,-664,-118,-748,11,-388,32,-564,41,-676,52,-772,93,-332,11,-369,-65,-277,-104,-206,138,-254,12,-222,-74,-166,-121,-128,1
0,0,-111,-79,-196,-192,-215,-272,-159,-305,-93,-400,-101,-570,-111,-671,-111,-755,7,-390,15,-566,21,-682,31,-780,82,-338,-30,-387,-91,-298,-113,-228,111,-264,-36,-244,-118,-192,-159,-155,1
0,0,-118,-85,-195,-211,-220,-303,-161,-349,-91,-395,-112,-564,-123,-660,-122,-740,8,-393,2,-581,-2,-694,3,-784,80,-355,-37,-444,-105,-338,-128,-250,108,-297,-52,-292,-130,-225,-161,-174,1
0,0,-114,-83,-192,-216,-205,-326,-131,-395,-115,-368,-150,-533,-167,-622,-169,-697,-33,-375,-39,-573,-51,-676,-48,-756,40,-350,-33,-482,-100,-375,-120,-280,94,-305,-39,-333,-105,-261,-121,-200,1
0,0,-119,-72,-196,-205,-206,-320,-151,-406,-155,-349,-205,-509,-230,-594,-244,-667,-77,-366,-96,-559,-122,-660,-133,-735,-2,-349,-48,-502,-100,-398,-113,-302,61,-313,-46,-357,-100,-280,-108,-212,1
0,0,-109,-64,-176,-197,-145,-312,-72,-383,-160,-365,-204,-519,-231,-608,-251,-683,-76,-380,-96,-565,-116,-669,-126,-752,6,-351,-14,-483,-54,-378,-67,-290,76,-294,10,-338,-40,-261,-57,-197,1
0,0,-103,-62,-161,-190,-110,-283,-33,-337,-141,-395,-159,-547,-173,-645,-183,-728,-45,-398,-44,-578,-46,-689,-44,-780,43,-356,39,-434,-5,-322,-26,-239,113,-287,64,-290,8,-205,-21,-147,1
0,0,-101,-80,-177,-190,-159,-263,-72,-283,-78,-404,-78,-565,-77,-661,-70,-744,23,-390,58,-562,73,-675,88,-770,102,-334,30,-367,-46,-287,-83,-224,145,-257,38,-237,-37,-183,-74,-143,1
0,0,-123,-96,-201,-201,-224,-277,-170,-313,-65,-407,-50,-574,-42,-674,-22,-758,32,-385,61,-558,84,-676,109,-777,98,-327,-33,-375,-124,-302,-166,-243,113,-249,-54,-243,-148,-217,-199,-200,1
0,0,-132,-110,-202,-221,-237,-299,-212,-356,-51,-400,-42,-572,-35,-676,-18,-764,33,-379,47,-558,67,-682,88,-782,83,-328,-67,-399,-160,-329,-205,-262,79,-260,-96,-268,-194,-240,-253,-213,1
0,0,-121,-98,-190,-224,-220,-318,-174,-379,-46,-399,-43,-565,-40,-663,-26,-744,38,-382,54,-563,65,-684,81,-781,90,-337,-29,-438,-125,-367,-176,-299,93,-280,-78,-300,-170,-263,-219,-234,1
0,0,-104,-85,-169,-225,-188,-337,-121,-403,-83,-385,-104,-551,-118,-643,-120,-719,0,-386,10,-579,6,-690,12,-773,69,-352,16,-478,-63,-397,-101,-315,114,-299,-3,-337,-82,-294,-118,-250,1
0,0,-113,-79,-181,-218,-177,-336,-104,-403,-129,-384,-153,-552,-171,-645,-182,-726,-41,-390,-34,-583,-41,-694,-40,-779,40,-358,12,-489,-56,-405,-91,-323,106,-303,11,-337,-69,-287,-112,-241,1
0,0,-102,-81,-160,-217,-143,-331,-63,-397,-92,-396,-108,-558,-120,-655,-125,-739,-1,-388,31,-580,39,-694,52,-786,77,-343,67,-481,-8,-387,-50,-302,135,-277,58,-330,-29,-276,-80,-228,1
0,0,-103,-99,-151,-231,-150,-339,-74,-388,-25,-402,-16,-572,-13,-668,-2,-751,71,-381,128,-564,156,-680,183,-769,136,-327,84,-436,-23,-382,-95,-324,157,-260,47,-297,-47,-272,-105,-247,1
0,0,-103,-102,-163,-241,-174,-341,-102,-377,-13,-409,-3,-578,6,-673,25,-752,77,-384,120,-568,148,-683,181,-772,136,-326,59,-437,-45,-375,-103,-308,149,-256,19,-301,-74,-285,-126,-264,1
0,0,-102,-89,-177,-221,-184,-323,-112,-375,-86,-401,-105,-564,-110,-654,-106,-735,7,-390,34,-573,52,-681,72,-774,83,-339,37,-449,-49,-369,-101,-293,130,-268,28,-300,-67,-265,-130,-228,1
0,0,-105,-81,-171,-213,-168,-325,-94,-388,-84,-394,-105,-568,-119,-665,-121,-751,6,-389,41,-584,57,-704,78,-799,81,-343,50,-469,-39,-382,-89,-299,133,-275,44,-318,-53,-275,-114,-234,1
0,0,-117,-65,-197,-197,-200,-304,-136,-375,-160,-391,-208,-542,-237,-630,-257,-709,-68,-404,-51,-583,-48,-692,-39,-784,14,-371,-8,-475,-69,-379,-101,-298,78,-314,-9,-317,-84,-255,-128,-207,1
0,0,-106,-80,-174,-215,-171,-322,-113,-392,-133,-391,-188,-549,-222,-634,-246,-709,-44,-396,-29,-582,-24,-692,-14,-779,37,-359,5,-479,-54,-381,-82,-293,97,-297,14,-321,-69,-272,-119,-227,1
0,0,-107,-75,-172,-211,-163,-323,-90,-389,-106,-390,-137,-563,-147,-660,-150,-743,-18,-386,22,-585,47,-700,75,-789,57,-340,33,-471,-42,-381,-84,-296,112,-272,43,-325,-40,-275,-91,-223,1
0,0,-105,-71,-183,-193,-188,-299,-130,-365,-131,-385,-186,-543,-220,-632,-239,-711,-39,-390,-26,-580,-21,-691,-8,-782,41,-351,-1,-454,-65,-353,-94,-269,100,-288,14,-310,-71,-257,-120,-212,1
0,0,-98,-74,-163,-202,-157,-305,-87,-362,-75,-392,-96,-570,-105,-672,-105,-758,17,-381,66,-573,96,-694,128,-790,87,-333,58,-453,-29,-367,-80,-285,129,-263,50,-295,-38,-252,-92,-211,1
0,0,-105,-64,-190,-185,-201,-286,-140,-338,-124,-395,-170,-557,-203,-647,-225,-726,-28,-403,-14,-587,-13,-698,-6,-794,54,-360,-8,-438,-76,-341,-103,-260,106,-288,5,-284,-78,-233,-120,-193,1
0,0,-100,-64,-176,-184,-169,-285,-97,-329,-85,-407,-92,-582,-98,-683,-98,-771,17,-401,69,-588,101,-703,129,-798,95,-351,44,-430,-39,-339,-87,-259,138,-276,45,-280,-40,-225,-92,-178,1
0,0,-102,-75,-189,-195,-205,-294,-135,-333,-114,-413,-153,-581,-180,-676,-195,-759,-9,-413,15,-595,27,-710,41,-808,75,-363,9,-438,-71,-342,-111,-261,122,-286,10,-278,-82,-230,-135,-190,1
0,0,-105,-61,-189,-179,-188,-282,-117,-330,-120,-407,-155,-575,-178,-672,-189,-760,-19,-407,14,-594,37,-710,63,-806,64,-360,24,-440,-55,-334,-97,-245,117,-285,30,-283,-58,-219,-110,-165,1
0,0,-105,-76,-173,-193,-171,-285,-107,-329,-81,-408,-102,-580,-115,-682,-119,-771,23,-397,65,-578,95,-697,124,-796,101,-342,43,-409,-45,-325,-93,-251,142,-267,34,-260,-57,-212,-109,-170,1
0,0,-105,-80,-188,-196,-199,-280,-135,-321,-83,-404,-122,-571,-154,-666,-174,-751,19,-396,41,-579,55,-694,75,-792,97,-342,25,-418,-56,-326,-96,-249,135,-263,13,-259,-81,-213,-134,-175,1
0,0,-109,-76,-190,-195,-191,-278,-125,-322,-106,-410,-152,-574,-181,-673,-195,-758,0,-409,19,-587,32,-705,52,-803,82,-357,19,-418,-59,-322,-97,-243,124,-281,3,-257,-84,-201,-129,-158,1
0,0,-103,-72,-179,-185,-170,-271,-101,-321,-86,-406,-104,-582,-118,-683,-121,-772,20,-395,67,-575,97,-690,129,-787,98,-339,42,-401,-43,-313,-89,-237,139,-261,35,-250,-53,-201,-104,-159,1
0,0,-98,-93,-169,-201,-176,-275,-107,-304,-40,-402,-18,-580,-8,-682,9,-766,64,-374,134,-544,185,-658,233,-750,132,-311,46,-363,-46,-298,-96,-239,150,-234,12,-224,-77,-191,-125,-164,1
0,0,-113,-92,-195,-200,-227,-284,-179,-320,-76,-396,-88,-570,-106,-676,-112,-763,23,-380,61,-553,80,-675,98,-775,89,-325,-18,-383,-95,-312,-131,-246,104,-252,-66,-242,-168,-214,-227,-190,1
0,0,-103,-79,-175,-206,-179,-299,-112,-336,-84,-391,-120,-557,-144,-654,-155,-737,13,-388,33,-571,45,-691,67,-786,88,-344,21,-416,-64,-329,-108,-251,128,-281,-3,-265,-88,-210,-130,-164,1
0,0,-106,-81,-175,-199,-169,-290,-102,-327,-61,-398,-55,-574,-52,-677,-40,-764,42,-382,97,-553,138,-666,176,-761,112,-327,39,-391,-47,-317,-94,-250,138,-253,11,-244,-77,-203,-124,-168,1
0,0,-115,-105,-185,-208,-218,-278,-191,-319,-57,-397,-28,-575,-22,-681,-7,-768,41,-365,104,-524,149,-631,186,-720,97,-301,-42,-346,-149,-296,-212,-250,95,-222,-88,-213,-187,-188,-242,-169,1
0,0,-123,-92,-198,-191,-219,-258,-186,-307,-73,-394,-86,-563,-111,-666,-123,-751,26,-371,57,-544,73,-669,93,-771,86,-310,-48,-354,-118,-289,-143,-232,91,-233,-100,-219,-190,-189,-231,-165,1
0,0,-107,-79,-178,-199,-175,-288,-110,-325,-87,-391,-115,-556,-136,-654,-143,-739,15,-385,35,-562,50,-682,72,-782,92,-337,16,-400,-64,-316,-105,-242,130,-269,-2,-255,-84,-204,-124,-163,1
0,0,-106,-90,-175,-206,-181,-291,-115,-318,-55,-397,-63,-566,-69,-664,-67,-747,47,-379,94,-543,131,-654,166,-747,114,-322,31,-385,-54,-315,-101,-252,135,-248,3,-243,-86,-209,-137,-179,1
0,0,-109,-102,-176,-207,-204,-283,-170,-318,-56,-392,-48,-565,-50,-669,-46,-756,42,-364,86,-520,124,-630,157,-723,103,-303,-19,-357,-110,-299,-162,-246,112,-229,-48,-228,-142,-202,-197,-180,1
0,0,-114,-92,-189,-196,-204,-281,-155,-302,-82,-390,-111,-543,-139,-638,-156,-719,22,-380,29,-550,30,-669,35,-764,93,-326,-5,-388,-85,-320,-127,-256,117,-252,-32,-243,-125,-213,-180,-185,1
0,0,-107,-90,-170,-205,-181,-298,-120,-325,-53,-389,-54,-562,-56,-663,-50,-748,49,-371,100,-535,136,-648,168,-740,118,-317,32,-387,-57,-323,-108,-261,139,-246,4,-249,-85,-213,-135,-182,1
0,0,-109,-99,-177,-199,-204,-271,-169,-309,-50,-383,-43,-556,-53,-661,-55,-747,50,-354,98,-520,129,-637,153,-733,111,-291,-19,-348,-112,-297,-164,-249,117,-215,-58,-215,-156,-191,-211,-169,1
0,0,-101,-85,-165,-209,-162,-301,-87,-326,-55,-381,-82,-538,-104,-634,-114,-715,41,-376,59,-553,65,-666,80,-756,113,-331,45,-405,-44,-326,-89,-252,147,-265,5,-257,-79,-208,-117,-166,1
0,0,-106,-77,-167,-205,-155,-306,-79,-351,-49,-386,-62,-557,-74,-655,-74,-740,46,-374,91,-550,122,-663,158,-756,114,-322,67,-422,-22,-340,-67,-263,150,-252,34,-270,-57,-228,-103,-189,1
0,0,-107,-100,-178,-205,-199,-285,-153,-301,-47,-390,-57,-550,-78,-644,-93,-724,51,-370,77,-539,85,-658,94,-757,114,-310,-8,-362,-88,-302,-123,-249,124,-231,-36,-228,-115,-201,-151,-179,1
0,0,-96,-76,-162,-205,-157,-310,-71,-358,-62,-364,-89,-532,-109,-623,-115,-702,29,-364,64,-552,84,-659,109,-745,102,-324,68,-436,-18,-360,-66,-284,152,-265,51,-293,-35,-251,-82,-206,1
0,0,-95,-85,-153,-200,-154,-287,-94,-309,-16,-387,-13,-551,-11,-646,1,-728,79,-365,145,-524,191,-630,234,-716,139,-306,66,-380,-29,-321,-83,-262,158,-233,31,-243,-60,-207,-109,-174,1
0,0,-119,-104,-180,-196,-207,-263,-194,-302,-54,-380,-37,-551,-34,-654,-25,-740,35,-351,89,-500,123,-605,151,-697,87,-291,-50,-331,-146,-286,-200,-249,88,-219,-83,-212,-178,-187,-234,-168,1
0,0,-101,-81,-166,-200,-163,-302,-83,-338,-82,-354,-126,-503,-156,-590,-171,-664,5,-360,6,-537,2,-648,8,-736,77,-325,23,-418,-46,-338,-82,-265,124,-269,7,-284,-71,-233,-110,-185,1
0,0,-107,-66,-173,-182,-171,-290,-101,-353,-106,-350,-153,-503,-181,-585,-196,-657,-18,-357,8,-542,23,-647,44,-732,54,-322,22,-446,-48,-352,-83,-269,109,-263,25,-309,-57,-258,-105,-209,1
0,0,-112,-82,-169,-195,-176,-285,-127,-319,-51,-369,-64,-529,-72,-626,-75,-708,37,-358,70,-518,90,-623,108,-707,95,-315,-6,-366,-92,-306,-137,-250,111,-255,-27,-249,-108,-206,-150,-172,1
0,0,-107,-85,-172,-192,-192,-275,-149,-300,-75,-376,-105,-515,-134,-603,-153,-675,11,-371,12,-527,3,-639,0,-727,71,-327,-30,-378,-106,-308,-145,-241,91,-263,-60,-250,-151,-205,-205,-166,1
0,0,-109,-59,-182,-178,-188,-287,-123,-350,-121,-337,-178,-486,-214,-565,-237,-631,-38,-348,-43,-531,-52,-635,-50,-720,34,-320,-12,-437,-72,-340,-97,-257,90,-273,3,-310,-68,-251,-102,-196,1
0,0,-106,-71,-164,-192,-160,-295,-88,-334,-65,-359,-92,-520,-109,-613,-118,-695,26,-357,58,-528,75,-636,91,-723,92,-318,29,-413,-45,-332,-86,-256,125,-260,21,-278,-63,-229,-113,-186,1
0,0,-108,-79,-176,-191,-195,-279,-155,-311,-67,-377,-85,-532,-103,-623,-113,-701,25,-370,46,-533,54,-643,62,-734,87,-325,-22,-381,-90,-302,-120,-231,108,-261,-37,-252,-124,-210,-174,-175,1
0,0,-103,-67,-172,-192,-158,-296,-87,-349,-113,-353,-165,-494,-199,-573,-223,-640,-26,-363,-28,-539,-40,-645,-45,-729,50,-331,18,-438,-45,-348,-78,-267,111,-278,26,-307,-49,-250,-92,-195,1
0,0,-106,-70,-154,-196,-113,-309,-37,-381,-106,-362,-149,-510,-176,-593,-195,-666,-17,-365,17,-547,33,-652,54,-739,58,-326,58,-439,-11,-356,-47,-286,117,-264,70,-320,0,-267,-40,-217,1
0,0,-106,-82,-145,-223,-62,-309,40,-337,-87,-384,-95,-541,-98,-638,-99,-719,12,-377,77,-543,115,-653,151,-742,85,-327,86,-383,15,-306,-22,-247,133,-256,79,-256,9,-201,-26,-162,1
0,0,-95,-72,-131,-208,-49,-308,43,-361,-123,-383,-162,-527,-190,-618,-214,-696,-27,-387,2,-566,17,-672,33,-760,56,-342,94,-421,48,-337,19,-274,121,-272,111,-300,53,-232,16,-181,1
0,0,-89,-87,-101,-228,7,-310,107,-349,-39,-429,-28,-584,-21,-681,-15,-763,66,-403,152,-572,206,-672,253,-752,145,-333,183,-397,108,-314,61,-255,192,-246,169,-263,90,-200,37,-155,1
0,0,-103,-97,-135,-240,-40,-338,61,-386,-109,-401,-161,-545,-190,-633,-211,-708,-7,-399,23,-574,36,-680,53,-766,76,-347,112,-440,60,-358,30,-291,143,-268,130,-316,66,-258,26,-208,1
0,0,-94,-98,-118,-237,-49,-327,42,-371,-13,-412,-24,-571,-28,-664,-28,-746,84,-385,179,-554,237,-657,291,-742,149,-316,177,-424,87,-356,31,-297,188,-226,159,-282,70,-240,9,-199,1
0,0,-92,-97,-137,-227,-107,-325,-24,-361,-12,-389,-27,-547,-38,-639,-39,-717,85,-374,145,-552,181,-663,218,-753,154,-318,133,-428,38,-354,-20,-284,194,-241,99,-277,-9,-255,-79,-235,1
0,0,-110,-91,-156,-242,-82,-356,15,-418,-109,-388,-154,-535,-183,-620,-203,-694,-15,-388,19,-567,31,-673,51,-761,63,-343,77,-448,17,-369,-13,-300,127,-275,79,-324,6,-274,-35,-224,1
0,0,-100,-90,-135,-233,-76,-333,15,-381,-41,-408,-50,-570,-52,-663,-51,-746,58,-386,139,-563,188,-670,232,-758,129,-324,148,-440,63,-366,10,-300,176,-243,136,-294,49,-248,-10,-205,1
0,0,-99,-94,-160,-223,-140,-319,-64,-358,-40,-397,-49,-565,-60,-662,-60,-744,65,-383,123,-564,158,-680,192,-772,140,-329,80,-413,-7,-345,-57,-278,178,-255,47,-268,-49,-239,-107,-213,1
0,0,27,-173,-53,-337,-194,-432,-315,-466,-47,-412,-182,-602,-253,-714,-311,-805,-151,-347,-303,-439,-280,-370,-227,-313,-242,-266,-353,-346,-315,-290,-269,-242,-312,-182,-366,-253,-326,-206,-293,-166,2
0,0,62,-171,16,-355,-105,-487,-214,-535,39,-411,-60,-630,-115,-750,-162,-846,-75,-360,-220,-508,-207,-443,-159,-385,-183,-297,-281,-409,-250,-356,-206,-304,-276,-234,-317,-318,-280,-276,-251,-232,2
0,0,73,-169,42,-347,-87,-459,-199,-494,36,-393,-93,-611,-177,-716,-250,-796,-81,-338,-238,-480,-223,-422,-174,-365,-186,-271,-304,-393,-274,-344,-229,-294,-275,-203,-348,-310,-313,-280,-277,-239,2
0,0,56,-167,41,-347,-60,-462,-176,-485,-11,-386,-124,-601,-205,-704,-278,-779,-116,-330,-272,-460,-249,-400,-199,-343,-209,-260,-337,-377,-302,-332,-252,-284,-287,-187,-367,-293,-333,-273,-292,-238,2
0,0,57,-175,28,-337,-80,-423,-192,-433,-16,-389,-104,-600,-179,-706,-246,-775,-120,-334,-268,-466,-247,-410,-199,-360,-210,-262,-334,-387,-300,-345,-250,-303,-278,-187,-364,-301,-331,-288,-292,-260,2
0,0,56,-159,13,-336,-71,-476,-158,-537,18,-391,-65,-591,-132,-691,-196,-760,-71,-345,-221,-463,-209,-395,-163,-342,-160,-278,-282,-379,-258,-321,-213,-274,-235,-209,-312,-303,-287,-261,-254,-219,2
0,0,57,-146,21,-315,-67,-448,-164,-496,28,-380,-43,-572,-95,-685,-143,-767,-64,-344,-194,-446,-186,-380,-142,-323,-157,-282,-257,-367,-239,-313,-198,-264,-236,-215,-303,-294,-282,-252,-253,-208,2
0,0,16,-162,-48,-334,-172,-431,-281,-461,-36,-396,-104,-581,-160,-688,-211,-768,-117,-344,-262,-431,-249,-359,-200,-310,-198,-273,-318,-340,-289,-285,-241,-247,-269,-195,-349,-272,-322,-228,-287,-192,2
0,0,66,-175,11,-319,-97,-426,-188,-466,35,-413,-54,-604,-104,-716,-148,-800,-54,-385,-220,-447,-242,-393,-220,-352,-147,-335,-260,-347,-248,-304,-211,-267,-231,-273,-294,-281,-275,-233,-241,-194,2
0,0,6,-173,-68,-313,-171,-357,-273,-340,-47,-397,-139,-580,-184,-689,-216,-781,-117,-364,-297,-371,-304,-309,-265,-279,-195,-299,-325,-273,-299,-227,-249,-206,-267,-226,-336,-198,-313,-151,-275,-127,2
0,0,48,-177,10,-306,-71,-390,-147,-409,18,-405,-79,-587,-143,-686,-201,-755,-72,-379,-225,-454,-251,-416,-245,-379,-158,-328,-260,-344,-244,-310,-212,-275,-235,-265,-284,-273,-258,-239,-223,-204,2
0,0,-5,-164,-89,-310,-226,-375,-340,-384,-66,-413,-192,-569,-264,-663,-322,-739,-145,-359,-304,-380,-284,-319,-231,-287,-222,-282,-343,-290,-312,-244,-263,-220,-295,-201,-361,-226,-329,-182,-291,-153,2
0,0,58,-172,8,-329,-108,-445,-217,-479,37,-418,-25,-606,-59,-717,-88,-804,-63,-391,-192,-464,-200,-409,-169,-370,-161,-336,-249,-384,-234,-338,-197,-300,-246,-275,-287,-306,-263,-264,-236,-228,2
0,0,33,-178,-30,-318,-138,-369,-237,-351,-26,-402,-155,-570,-239,-665,-303,-741,-110,-377,-274,-398,-283,-340,-248,-302,-192,-324,-305,-312,-286,-267,-241,-239,-268,-262,-323,-243,-299,-196,-262,-167,2
0,0,-11,-157,-104,-308,-253,-373,-370,-383,-73,-397,-206,-553,-281,-642,-339,-712,-151,-336,-315,-380,-296,-321,-239,-286,-226,-259,-351,-282,-317,-235,-264,-209,-294,-177,-366,-210,-329,-166,-285,-139,2
0,0,41,-176,-16,-331,-141,-427,-257,-436,18,-411,-57,-594,-99,-703,-132,-794,-71,-380,-237,-433,-248,-377,-215,-342,-162,-323,-275,-329,-252,-281,-206,-251,-242,-262,-300,-258,-270,-209,-236,-181,2
0,0,43,-163,0,-310,-104,-411,-210,-441,41,-386,-40,-565,-92,-676,-144,-757,-44,-354,-198,-430,-207,-376,-178,-334,-135,-300,-248,-332,-240,-291,-207,-259,-219,-241,-281,-266,-268,-223,-244,-192,2
0,0,-16,-167,-96,-292,-198,-322,-288,-300,-94,-384,-251,-518,-343,-592,-413,-652,-157,-326,-340,-329,-329,-270,-279,-249,-223,-251,-358,-238,-319,-197,-260,-185,-285,-173,-356,-174,-322,-134,-275,-112,2
0,0,-31,-149,-128,-277,-250,-337,-356,-340,-99,-403,-212,-541,-291,-621,-359,-682,-117,-347,-352,-360,-417,-323,-439,-316,-153,-265,-364,-254,-337,-207,-283,-197,-196,-177,-346,-178,-318,-141,-270,-129,2
0,0,13,-156,-62,-301,-187,-388,-297,-417,-22,-391,-129,-557,-192,-657,-249,-732,-95,-346,-258,-384,-251,-323,-206,-287,-172,-278,-301,-291,-278,-244,-232,-218,-244,-206,-323,-223,-296,-175,-261,-151,2
0,0,-9,-162,-100,-287,-215,-317,-310,-289,-111,-380,-261,-529,-345,-614,-409,-683,-182,-321,-354,-337,-341,-279,-292,-253,-248,-245,-366,-237,-328,-194,-275,-181,-303,-164,-369,-179,-332,-138,-288,-115,2
0,0,-3,-178,-87,-308,-182,-358,-276,-347,-64,-402,-175,-573,-234,-672,-281,-751,-130,-354,-316,-401,-378,-364,-398,-342,-198,-285,-334,-290,-316,-245,-274,-220,-261,-211,-338,-222,-314,-183,-278,-158,2
0,0,16,-171,-49,-304,-143,-360,-235,-347,-36,-406,-162,-564,-243,-656,-311,-726,-110,-367,-274,-387,-273,-324,-229,-292,-188,-303,-305,-291,-289,-243,-244,-220,-261,-233,-325,-225,-304,-178,-270,-151,2
0,0,-21,-168,-125,-308,-272,-346,-386,-323,-103,-384,-263,-524,-357,-605,-431,-669,-162,-309,-358,-329,-339,-271,-282,-248,-225,-218,-383,-224,-350,-181,-293,-165,-284,-124,-391,-151,-359,-114,-313,-92,2
0,0,52,-167,3,-349,-120,-476,-246,-506,40,-390,-51,-591,-104,-704,-148,-798,-51,-341,-199,-460,-186,-407,-135,-366,-149,-280,-263,-390,-240,-347,-194,-304,-239,-221,-307,-324,-275,-293,-241,-250,2
0,0,-3,-185,-100,-339,-248,-391,-364,-379,-84,-390,-224,-559,-309,-649,-377,-721,-157,-322,-322,-378,-298,-317,-246,-285,-230,-241,-362,-285,-323,-241,-271,-216,-298,-159,-383,-218,-347,-183,-305,-152,2
0,0,68,-185,33,-369,-74,-504,-182,-562,78,-411,37,-619,4,-736,-21,-830,-11,-371,-137,-533,-137,-472,-92,-413,-116,-319,-207,-452,-197,-400,-157,-347,-219,-266,-272,-397,-250,-357,-220,-302,2
0,0,28,-187,-48,-339,-172,-396,-283,-388,-35,-418,-200,-586,-303,-671,-387,-739,-107,-373,-303,-428,-343,-392,-340,-370,-184,-308,-329,-322,-290,-274,-229,-248,-256,-236,-347,-254,-319,-212,-274,-182,2
0,0,48,-176,12,-375,-107,-512,-228,-542,83,-416,32,-620,-5,-738,-32,-837,3,-371,-161,-517,-175,-451,-132,-395,-94,-319,-230,-429,-222,-369,-175,-320,-191,-268,-282,-363,-263,-310,-227,-264,2
0,0,52,-183,-2,-363,-131,-457,-247,-464,74,-409,-45,-602,-125,-704,-196,-792,2,-369,-172,-506,-251,-505,-289,-502,-85,-316,-257,-401,-245,-343,-199,-295,-177,-258,-298,-303,-286,-265,-247,-233,2
0,0,31,-195,-27,-374,-160,-449,-275,-455,75,-415,7,-607,-51,-722,-96,-817,17,-373,-71,-563,-150,-686,-202,-794,-60,-315,-206,-481,-250,-532,-250,-570,-153,-248,-282,-322,-291,-313,-261,-295,2
0,0,45,-178,-7,-362,-145,-459,-268,-473,86,-388,-29,-582,-115,-686,-189,-775,22,-337,-129,-523,-231,-572,-294,-612,-60,-279,-240,-415,-229,-353,-177,-297,-150,-225,-283,-327,-266,-284,-217,-243,2
0,0,24,-188,-38,-373,-179,-462,-303,-455,37,-391,-61,-583,-132,-697,-195,-793,-16,-321,-240,-437,-230,-362,-171,-314,-94,-240,-302,-346,-272,-295,-205,-256,-182,-162,-340,-275,-320,-236,-270,-195,2
0,0,88,-160,73,-367,-53,-504,-182,-550,136,-369,69,-591,13,-712,-38,-808,41,-320,-126,-498,-145,-442,-114,-386,-68,-275,-204,-444,-196,-383,-155,-322,-175,-235,-262,-384,-244,-330,-214,-275,2
0,0,30,-208,-78,-385,-263,-451,-399,-431,-29,-436,-209,-608,-311,-693,-385,-767,-92,-355,-327,-452,-355,-412,-338,-381,-167,-265,-382,-333,-335,-292,-262,-259,-241,-176,-398,-268,-359,-233,-298,-192,2
0,0,74,-183,46,-382,-74,-525,-201,-582,111,-415,50,-641,12,-770,-21,-875,11,-368,-149,-540,-155,-479,-110,-426,-102,-313,-238,-471,-226,-411,-179,-356,-212,-255,-302,-404,-278,-358,-238,-300,2
0,0,33,-202,-50,-400,-216,-492,-350,-494,1,-438,-140,-632,-229,-735,-303,-821,-66,-369,-289,-459,-271,-384,-209,-340,-148,-289,-344,-378,-306,-328,-245,-290,-236,-210,-378,-314,-351,-273,-304,-230,2
0,0,32,-194,-52,-379,-203,-454,-325,-446,21,-421,-103,-629,-174,-738,-231,-830,-46,-377,-175,-585,-251,-702,-307,-796,-129,-317,-313,-437,-302,-370,-251,-311,-222,-253,-353,-336,-339,-292,-296,-247,2
0,0,68,-182,29,-388,-110,-520,-249,-556,97,-388,0,-617,-68,-739,-132,-834,-9,-327,-177,-499,-175,-439,-128,-378,-124,-271,-257,-428,-245,-377,-204,-322,-231,-223,-318,-357,-295,-318,-263,-269,2
0,0,26,-209,-63,-401,-234,-469,-367,-448,-18,-407,-171,-599,-264,-705,-338,-791,-98,-329,-302,-434,-275,-366,-210,-319,-185,-246,-367,-340,-322,-292,-256,-258,-272,-164,-403,-263,-366,-224,-312,-184,2
0,0,52,-206,-10,-413,-143,-528,-269,-537,71,-418,23,-636,-18,-763,-55,-866,-20,-366,-184,-512,-198,-452,-155,-399,-129,-303,-262,-427,-257,-373,-210,-322,-236,-235,-323,-358,-307,-307,-270,-252,2
0,0,53,-185,10,-368,-112,-469,-227,-483,91,-404,-24,-619,-111,-729,-186,-817,12,-346,-173,-517,-262,-512,-296,-489,-86,-283,-265,-413,-261,-357,-213,-300,-188,-221,-314,-329,-297,-288,-249,-241,2
0,0,22,-210,-76,-400,-257,-465,-393,-437,-30,-428,-199,-610,-299,-705,-376,-785,-95,-344,-333,-431,-311,-362,-251,-317,-174,-252,-391,-331,-333,-282,-258,-249,-252,-160,-412,-251,-366,-212,-306,-175,2
0,0,76,-183,45,-387,-80,-529,-213,-579,105,-413,45,-646,1,-778,-38,-884,-2,-364,-154,-538,-155,-469,-106,-405,-119,-308,-238,-468,-223,-404,-175,-341,-233,-252,-303,-397,-278,-348,-243,-287,2
0,0,43,-192,-30,-378,-179,-468,-305,-462,20,-435,-145,-619,-252,-714,-337,-791,-53,-382,-242,-486,-270,-436,-251,-399,-139,-319,-307,-415,-289,-363,-234,-317,-226,-259,-347,-358,-329,-322,-287,-276,2
0,0,-110,-130,-191,-293,-231,-404,-254,-467,-35,-439,-100,-623,-170,-730,-231,-809,8,-432,-130,-580,-253,-625,-334,-644,27,-409,-128,-539,-220,-594,-267,-624,22,-366,-120,-386,-167,-360,-165,-330,2
0,0,37,-196,-35,-397,-200,-495,-333,-512,51,-406,-81,-619,-172,-735,-249,-828,-32,-344,-189,-558,-271,-625,-322,-672,-125,-276,-306,-444,-280,-389,-223,-322,-221,-208,-351,-345,-327,-311,-278,-259,2
0,0,7,-205,-97,-391,-276,-451,-407,-429,-44,-427,-220,-602,-326,-697,-412,-774,-112,-335,-346,-423,-320,-353,-257,-307,-190,-231,-399,-307,-345,-257,-271,-223,-269,-127,-428,-223,-383,-186,-322,-147,2
0,0,73,-176,34,-377,-105,-519,-247,-571,96,-408,-11,-640,-74,-768,-132,-874,-13,-343,-199,-524,-190,-454,-134,-388,-129,-277,-281,-460,-255,-395,-198,-329,-237,-215,-337,-370,-301,-325,-259,-269,2
0,0,23,-212,-80,-401,-260,-472,-399,-460,-40,-438,-221,-617,-335,-710,-427,-787,-116,-357,-342,-443,-317,-372,-252,-328,-199,-267,-399,-343,-352,-290,-283,-256,-283,-174,-430,-264,-391,-220,-333,-180,2
0,0,73,-189,43,-398,-89,-547,-225,-602,117,-427,32,-664,-25,-795,-75,-901,18,-373,-174,-550,-178,-487,-125,-434,-97,-312,-259,-480,-247,-419,-193,-364,-211,-251,-317,-403,-293,-356,-248,-299,2
0,0,36,-213,-44,-411,-214,-499,-352,-496,-1,-449,-162,-647,-267,-748,-355,-829,-85,-376,-312,-484,-294,-417,-230,-371,-176,-295,-372,-391,-327,-340,-258,-304,-266,-213,-403,-309,-368,-267,-311,-228,2
0,0,61,-180,18,-387,-138,-517,-277,-557,87,-427,-32,-648,-105,-770,-167,-869,-18,-361,-208,-525,-207,-456,-156,-393,-130,-294,-290,-447,-268,-381,-215,-321,-238,-227,-342,-360,-312,-309,-271,-255,2
0,0,39,-198,-35,-394,-199,-486,-332,-492,14,-421,-127,-629,-220,-741,-290,-830,-73,-344,-279,-471,-274,-410,-218,-363,-168,-261,-350,-376,-318,-322,-253,-279,-262,-179,-391,-285,-357,-242,-302,-204,2
0,0,60,-186,12,-388,-138,-513,-271,-548,79,-412,-29,-633,-105,-758,-172,-855,-15,-348,-212,-506,-222,-446,-174,-387,-120,-283,-285,-431,-273,-377,-221,-317,-223,-221,-336,-355,-313,-313,-269,-259,2
0,0,35,-195,-34,-387,-193,-482,-329,-496,25,-404,-78,-623,-155,-746,-221,-842,-50,-333,-268,-471,-271,-414,-221,-365,-140,-256,-336,-370,-301,-318,-235,-274,-229,-180,-367,-284,-333,-239,-280,-199,2
0,0,56,-178,18,-376,-118,-500,-243,-533,94,-412,-15,-626,-94,-746,-162,-841,16,-354,-181,-514,-244,-494,-251,-465,-79,-297,-257,-417,-254,-367,-209,-314,-175,-240,-300,-338,-286,-294,-245,-249,2
0,0,55,-202,5,-410,-148,-513,-289,-509,87,-379,4,-612,-65,-739,-132,-841,3,-310,-210,-484,-213,-424,-159,-369,-103,-244,-292,-400,-266,-352,-206,-299,-211,-184,-336,-323,-310,-281,-265,-231,2
0,0,63,-178,35,-375,-95,-496,-214,-530,136,-389,34,-611,-52,-727,-121,-817,64,-336,-150,-494,-175,-437,-134,-387,-33,-286,-228,-410,-224,-353,-172,-308,-135,-244,-279,-348,-269,-299,-228,-256,2
0,0,64,-193,33,-394,-102,-501,-228,-513,129,-385,71,-608,12,-731,-41,-835,51,-328,-136,-511,-164,-457,-132,-406,-51,-271,-235,-416,-218,-355,-159,-305,-158,-218,-289,-336,-269,-286,-220,-242,2
0,0,66,-181,48,-377,-86,-496,-213,-522,140,-395,43,-606,-35,-718,-105,-806,52,-358,-118,-516,-152,-474,-134,-424,-51,-315,-209,-438,-198,-385,-151,-331,-159,-271,-268,-374,-256,-333,-218,-289,2
0,0,141,-120,203,-289,162,-457,93,-559,294,-342,317,-561,317,-684,315,-783,181,-355,105,-526,72,-469,87,-405,55,-357,-2,-485,-22,-428,-4,-371,-70,-352,-95,-452,-101,-397,-92,-344,2
0,0,145,-110,213,-256,178,-387,109,-465,267,-317,288,-535,296,-652,306,-741,146,-343,98,-508,62,-451,68,-383,22,-350,-9,-459,-28,-400,-20,-341,-99,-346,-96,-429,-101,-372,-96,-322,2
0,0,146,-107,209,-253,183,-391,121,-476,263,-315,292,-527,302,-641,311,-730,141,-343,103,-490,73,-431,78,-366,17,-349,-5,-444,-20,-388,-16,-335,-105,-343,-95,-411,-99,-358,-98,-311,2
0,0,121,-164,141,-322,80,-437,-15,-488,187,-364,194,-568,188,-691,185,-789,72,-367,-4,-511,-28,-451,-10,-390,-49,-350,-104,-443,-109,-393,-94,-345,-173,-321,-187,-396,-182,-350,-171,-304,2
0,0,75,-210,10,-401,-137,-489,-270,-491,5,-451,-113,-643,-196,-747,-263,-838,-102,-400,-242,-494,-210,-425,-153,-383,-197,-333,-299,-415,-249,-368,-198,-334,-277,-260,-330,-353,-289,-319,-249,-280,2
0,0,-5,-203,-125,-359,-294,-416,-419,-393,-120,-438,-315,-562,-431,-626,-530,-676,-182,-345,-385,-386,-340,-333,-270,-306,-242,-243,-416,-288,-360,-251,-291,-229,-293,-141,-423,-202,-372,-170,-312,-145,2
0,0,9,-185,-87,-367,-258,-446,-389,-447,-14,-455,-187,-608,-300,-683,-393,-747,-63,-383,-304,-424,-285,-359,-219,-330,-132,-296,-339,-324,-298,-264,-230,-239,-206,-208,-357,-246,-314,-193,-256,-165,2
0,0,104,-165,94,-350,-11,-497,-121,-566,146,-401,86,-623,47,-752,12,-851,27,-378,-95,-534,-110,-470,-81,-403,-96,-344,-179,-458,-173,-395,-143,-335,-208,-305,-249,-401,-231,-346,-210,-292,2
0,0,63,-193,13,-365,-106,-437,-222,-433,14,-434,-93,-641,-162,-760,-217,-856,-82,-388,-272,-517,-320,-474,-317,-428,-177,-320,-334,-399,-299,-344,-236,-299,-261,-241,-371,-321,-339,-275,-285,-230,2
0,0,25,-179,-57,-343,-214,-415,-336,-419,-30,-446,-192,-606,-297,-692,-382,-755,-110,-385,-323,-426,-319,-361,-265,-323,-195,-306,-360,-318,-324,-264,-264,-237,-275,-222,-376,-243,-341,-192,-292,-164,2
0,0,36,-187,-26,-379,-174,-489,-300,-506,44,-421,-75,-620,-155,-722,-216,-808,-35,-355,-240,-476,-239,-411,-180,-365,-124,-281,-297,-387,-277,-331,-220,-288,-210,-210,-330,-303,-306,-262,-262,-220,2
0,0,16,-197,-74,-357,-219,-416,-340,-411,-67,-416,-211,-596,-303,-694,-377,-773,-152,-350,-317,-415,-297,-354,-247,-316,-233,-272,-361,-330,-321,-287,-267,-256,-304,-191,-390,-263,-352,-230,-306,-195,2
0,0,-14,-171,-103,-335,-252,-407,-376,-408,1,-445,-163,-592,-275,-670,-360,-734,-9,-362,-289,-413,-279,-346,-215,-325,-54,-259,-318,-309,-280,-246,-204,-225,-119,-156,-319,-211,-284,-163,-219,-136,2
0,0,13,-176,-59,-348,-217,-426,-339,-436,37,-406,-122,-584,-222,-683,-303,-762,-18,-324,-265,-418,-246,-346,-177,-307,-96,-235,-325,-333,-283,-270,-210,-233,-182,-149,-346,-249,-312,-204,-254,-170,2
0,0,22,-187,-62,-357,-218,-436,-341,-452,-39,-408,-193,-581,-290,-678,-367,-752,-120,-337,-296,-419,-265,-357,-204,-312,-199,-255,-345,-330,-305,-282,-248,-244,-275,-172,-376,-257,-339,-218,-294,-181,2
0,0,-39,-174,-113,-329,-225,-411,-325,-428,34,-437,-103,-579,-209,-658,-286,-722,41,-353,-235,-411,-232,-337,-167,-320,5,-252,-258,-316,-239,-255,-169,-235,-56,-155,-256,-227,-241,-182,-184,-151,2
0,0,-90,-171,-112,-311,-128,-390,-164,-406,115,-440,47,-567,-13,-662,-68,-745,174,-366,-30,-396,-122,-354,-154,-337,179,-269,-55,-285,-106,-241,-91,-224,146,-171,-44,-203,-98,-179,-91,-164,2
0,0,-82,-141,-100,-278,-85,-387,-8,-432,111,-405,110,-559,106,-671,110,-758,203,-366,55,-425,-13,-304,24,-256,257,-297,81,-326,16,-230,54,-201,273,-211,118,-239,70,-175,109,-147,2
0,0,-107,-132,-158,-296,-127,-427,-38,-496,-7,-454,-21,-607,-31,-702,-20,-795,92,-426,-1,-493,-52,-341,-1,-305,171,-373,53,-403,-2,-276,50,-257,229,-309,118,-337,72,-258,116,-238,2
0,0,-111,-93,-186,-265,-147,-413,-44,-482,-84,-439,-112,-603,-126,-702,-123,-797,17,-427,-40,-483,-66,-319,-26,-298,110,-389,39,-405,-7,-261,26,-256,191,-334,112,-344,71,-246,106,-240,2
0,0,-104,-72,-174,-223,-132,-352,-39,-421,-95,-442,-116,-618,-123,-721,-114,-824,23,-443,-24,-441,-61,-295,-42,-283,122,-399,65,-354,9,-232,21,-243,204,-333,137,-281,87,-197,100,-206,2
0,0,-114,-98,-179,-242,-156,-363,-59,-418,-68,-441,-92,-611,-108,-719,-107,-813,49,-436,-43,-432,-75,-297,-39,-263,137,-383,27,-339,-16,-229,16,-221,199,-305,88,-255,50,-183,82,-185,2
0,0,-111,-156,-152,-277,-175,-365,-185,-408,48,-443,-5,-591,-37,-701,-57,-791,119,-394,-119,-394,-165,-309,-134,-276,139,-313,-112,-296,-133,-231,-86,-213,119,-222,-84,-221,-116,-176,-84,-158,2
0,0,56,-186,3,-353,-133,-433,-253,-443,30,-375,-62,-583,-116,-697,-152,-790,-66,-322,-215,-435,-213,-378,-176,-329,-157,-262,-273,-347,-235,-301,-185,-260,-239,-200,-306,-285,-278,-251,-239,-210,2
0,0,47,-171,-7,-329,-122,-435,-238,-468,9,-374,-88,-577,-139,-694,-186,-785,-95,-325,-222,-438,-209,-380,-166,-326,-191,-263,-277,-345,-251,-302,-214,-258,-272,-200,-316,-271,-286,-236,-260,-200,2
0,0,-116,-135,-168,-280,-187,-385,-171,-431,4,-458,-46,-606,-93,-710,-124,-797,92,-426,-127,-406,-172,-288,-142,-245,137,-351,-91,-306,-119,-214,-74,-191,152,-260,-38,-233,-76,-172,-44,-151,2
0,0,-100,-139,-138,-273,-130,-381,-52,-427,44,-440,16,-591,-7,-699,-18,-785,145,-410,-12,-429,-69,-313,-43,-264,206,-343,29,-330,-21,-236,9,-204,232,-255,78,-240,32,-181,55,-158,2
0,0,42,-195,-31,-379,-177,-463,-303,-452,48,-383,-62,-579,-127,-685,-171,-776,-13,-304,-235,-433,-256,-386,-219,-350,-95,-227,-304,-330,-260,-282,-180,-244,-176,-157,-321,-259,-291,-225,-229,-186,2
0,0,-98,-115,-142,-247,-131,-348,-55,-391,16,-436,0,-590,-18,-694,-26,-780,122,-412,-9,-415,-53,-293,-22,-253,194,-345,43,-313,-6,-218,23,-200,237,-255,105,-227,54,-166,74,-153,2
0,0,-40,-209,-147,-376,-293,-437,-407,-416,-44,-461,-178,-605,-257,-685,-310,-758,-63,-388,-323,-418,-313,-344,-249,-315,-111,-291,-365,-307,-309,-253,-219,-242,-169,-196,-359,-234,-322,-199,-249,-180,2
0,0,-135,-150,-193,-282,-207,-383,-161,-420,5,-463,-32,-616,-67,-720,-87,-808,99,-426,-81,-426,-138,-308,-112,-257,147,-348,-60,-323,-102,-230,-60,-194,158,-251,-16,-238,-56,-182,-18,-158,2
0,0,-97,-174,-142,-318,-186,-396,-231,-428,65,-452,5,-586,-40,-682,-81,-769,122,-385,-97,-403,-204,-386,-259,-374,127,-289,-125,-285,-144,-243,-115,-217,95,-191,-104,-210,-138,-198,-121,-193,2
0,0,-54,-184,-109,-341,-203,-414,-306,-427,48,-419,-6,-579,-42,-689,-73,-784,50,-343,-204,-416,-279,-392,-293,-389,8,-251,-256,-300,-236,-242,-170,-215,-55,-163,-257,-221,-248,-180,-187,-157,2
0,0,-90,-157,-117,-299,-106,-407,-50,-436,127,-436,110,-569,81,-669,60,-752,211,-386,31,-429,-50,-331,-41,-276,247,-305,43,-331,-17,-250,12,-204,244,-210,75,-243,17,-192,37,-153,2
0,0,-51,-208,-90,-382,-171,-471,-251,-461,93,-450,19,-580,-30,-670,-71,-749,95,-371,-174,-439,-208,-383,-177,-360,53,-274,-223,-322,-194,-263,-119,-242,-12,-182,-219,-238,-205,-201,-143,-183,2
0,0,-89,-144,-122,-273,-116,-374,-50,-414,82,-422,52,-568,28,-673,17,-761,175,-387,-7,-403,-74,-309,-63,-255,225,-314,23,-302,-27,-224,-8,-184,241,-224,70,-220,13,-170,17,-139,2
0,0,-106,-135,-143,-273,-142,-382,-67,-438,39,-435,29,-586,20,-695,20,-784,134,-413,-14,-447,-61,-313,-13,-269,203,-352,42,-356,-5,-251,42,-226,238,-270,102,-281,60,-211,101,-187,2
0,0,-15,-147,-109,-244,-219,-257,-289,-225,-146,-330,-279,-389,-358,-417,-418,-441,-214,-274,-316,-252,-282,-208,-233,-195,-262,-197,-322,-162,-287,-132,-249,-129,-300,-114,-329,-96,-288,-68,-254,-62,3
